Application,Images,Epochs,Batchsize,Jobs,UniqueJobsID,SubmissionTime,Deadline,Tardinessweight,MinExecTime,MaxExecTime
tf_alexnet,130000,399,256,J106,JJ1,0,1136642.064202338,0.013771464627727829,70558.14714648,574933.0453692001
pytorch_vgg19,130000,149,8,J65,JJ2,22552,7228438.92592,0.010893077056692804,43269.3694076,7080016.061679999
pytorch_vgg19,130000,8111,32,J82,JJ3,44907,141618228.311,0.004378084781526992,43200.50333454667,181844071.21601665
tf_alexnet,130000,343,256,J90,JJ4,67058,443346.41372,0.006852914400343298,60663.27959678,494237.6188232
pytorch_alexnet,130000,1497,1024,J32,JJ5,89485,595665.741436,0.013310512095464605,77052.055076475,572517.55685175
tf_resnet50,130000,50,8,J133,JJ6,112045,441549.45602,0.013695456779836478,91048.88202500001,387815.10725
pytorch_resnet50,130000,3629,32,J55,JJ7,134207,33584033.1751,0.007116365425914535,43207.470825339995,19873791.463473335
