n_iterate,sim_time,Application,Images,Epochs,Batchsize,Jobs,UniqueJobsID,SubmissionTime,Deadline,Tardinessweight,MinExecTime,MaxExecTime,ExecutionTime,CompletionPercent,StartTime,FinishTime,Nodes,VMType,GpuType,GpuNumber,cost,Tardiness,VMcost,TardinessCost,TotalCost
1,44955,tf_alexnet,130000,279,512,J111,JJ1,0,508208,0.00418968,44571.3,368373,44955,31.2551,0,0,n1,In-house server 1,Quadro P600,1,0.11,0,1.37363,0,1.37363
2,79933,tf_alexnet,130000,279,512,J111,JJ1,0,508208,0.00418968,30640.5,253238,34978,100,0,79933,n1,Standard_NV12,M60,1,1.24,0,6.02398,0,6.02398
2,79933,tf_alexnet,130000,475,1024,J92,JJ2,44955,187643,0.00498911,71843.9,598714,34978,42.6719,44955,0,n1,Standard_NV12,M60,1,1.24,0,6.02398,0,6.02398
3,126925,tf_alexnet,130000,475,1024,J92,JJ2,44955,187643,0.00498911,41186.7,343231,46991.6,100,44955,126925,n1,Standard_NV6,M60,1,0.62,0,8.093,0,8.093
