slot_number,sim_time,tardiness
1,45114,0
2,90289,0
3,127594,0
4,135319,0
5,180543,0
6,225630,0
7,267420,0
8,270751,0
9,285918,0
10,315818,0
11,360895,0
12,405956,0
13,451355,0
14,472192,0
15,489772,0
16,601996,0
17,831239,0
18,840943,0
19,1.57944e+06,0
20,2.16002e+06,0
21,2.20243e+06,0
