slot_number,sim_time,tardiness
1,44893,0
2,89604,0
3,134810,0
4,179725,0
5,224791,0
6,227064,0
7,269824,0
8,290390,0
9,315201,0
10,360348,0
11,405404,0
12,424989,0
13,444820,0
14,450337,0
15,452773,0
16,517089,0
17,547404,0
18,675570,0
19,1.60739e+06,0
20,1.61121e+06,0
21,1.65378e+06,0
