Application,Images,Epochs,Batchsize,Jobs,UniqueJobsID,SubmissionTime,Deadline,Tardinessweight,MinExecTime,MaxExecTime
tf_alexnet,130000,448,1024,J116,JJ1,0,927724.452398066,0.01293692262042024,67743.2315904,564507.4026240001
tf_alexnet,130000,232,128,J113,JJ2,44829,147696.44810144065,0.00962553125721799,48952.58648937143,390265.5453005714
pytorch_resnet50,130000,3629,32,J55,JJ3,89863,20002640.77928741,0.0094367709608053,43207.470825339995,19873791.463473335
pytorch_alexnet,130000,2954,256,J18,JJ4,134734,341460.11190096906,0.01306427551696717,43210.573497616,1219185.3277072
tf_alexnet,130000,343,256,J90,JJ5,179565,1009529.6101780077,0.011080869132924463,60663.27959678,494237.6188232
pytorch_resnet50,130000,3073,32,J39,JJ6,224468,28005679.65387473,0.01389981911874812,43201.76592123,16831603.149178997
