Application,Images,Epochs,Batchsize,Jobs,UniqueJobsID,SubmissionTime,Deadline,Tardinessweight,MinExecTime,MaxExecTime
tf_alexnet,130000,399,256,J106,JJ1,0,1136642.064202338,0.013771464627727829,70558.14714648,574933.0453692001
pytorch_vgg19,130000,149,8,J65,JJ2,44686,7250572.92592052,0.010893077056692804,43269.3694076,7080016.061679999
pytorch_vgg19,130000,8111,32,J82,JJ3,89681,141663002.31084564,0.004378084781526992,43200.50333454667,181844071.21601665
tf_alexnet,130000,343,256,J90,JJ4,134332,510620.4137196958,0.006852914400343298,60663.27959678,494237.6188232
pytorch_alexnet,130000,1497,1024,J32,JJ5,179433,685613.7414356886,0.013310512095464605,77052.055076475,572517.55685175
tf_resnet50,130000,50,8,J133,JJ6,223981,553485.4560199563,0.013695456779836478,91048.88202500001,387815.10725
