Application,Images,Epochs,Batchsize,Jobs,UniqueJobsID,SubmissionTime,Deadline,Tardinessweight,MinExecTime,MaxExecTime
pytorch_alexnet,130000,1302,128,J25,JJ1,0,599642.0599834158,0.0032097369156362456,50899.4214696,590132.944476
tf_alexnet,130000,325,1024,J104,JJ2,44927,800519.2425433128,0.011770372827157465,49145.615739999994,409535.699625
tf_alexnet,130000,285,512,J91,JJ3,90204,693096.0727188482,0.011583639948936176,45537.933708900004,376329.35882100003
tf_vgg19,130000,14,32,J161,JJ4,135212,695666.5109640171,0.010592089285693789,45375.293516,684993.1074000001
tf_alexnet,130000,312,256,J114,JJ5,180010,855971.9721857003,0.010793703458643458,55172.766239314275,449571.9041691429
pytorch_alexnet,130000,2959,256,J26,JJ6,224706,1599413.4037604611,0.011649133544688245,43214.40814444286,1221190.2821171428
