Application,Images,Epochs,Batchsize,Jobs,UniqueJobsID,SubmissionTime,Deadline,Tardinessweight,MinExecTime,MaxExecTime
tf_alexnet,130000,399,256,J106,JJ1,0,1136642.064202338,0.013771464627727829,70558.14714648,574933.0453692001
pytorch_vgg19,130000,149,8,J65,JJ2,45279,7251165.92592,0.010893077056692804,43269.3694076,7080016.061679999
pytorch_vgg19,130000,8111,32,J82,JJ3,90335,141663656.311,0.004378084781526992,43200.50333454667,181844071.21601665
tf_alexnet,130000,343,256,J90,JJ4,135099,511387.41372,0.006852914400343298,60663.27959678,494237.6188232
