Application,Images,Epochs,Batchsize,Jobs,UniqueJobsID,SubmissionTime,Deadline,Tardinessweight,MinExecTime,MaxExecTime
tf_alexnet,130000,370,1024,J108,JJ1,0,605848.0532564986,0.0030637362404594723,55949.580266000004,466232.23750800005
pytorch_alexnet,130000,2957,256,J22,JJ2,44903,1020665.0213232762,0.013187672030786055,43214.05668984001,1220389.301204
pytorch_alexnet,130000,727,512,J15,JJ3,89599,155223.70802158254,0.009407939049846731,49163.85020354999,285399.39235125
tf_resnet50,130000,70,16,J138,JJ4,134508,318454.57978262997,0.011895314661942293,82866.188944,399430.21384
pytorch_resnet50,130000,257,64,J44,JJ5,179843,2476121.480627328,0.010801949336250873,43361.55585039999,1370343.8518793334
pytorch_resnet50,130000,257,64,J56,JJ6,224764,654184.1281358218,0.011199191116526733,43293.01593786667,1370101.26067
