Application,Images,Epochs,Batchsize,Jobs,UniqueJobsID,SubmissionTime,Deadline,Tardinessweight,MinExecTime,MaxExecTime
pytorch_vgg19,130000,149,8,J65,JJ1,0,1409656.9251542862,0.0126159034768617,43269.3694076,7080016.061679999
pytorch_alexnet,130000,833,512,J11,JJ2,45057,446705.73025364405,0.004894678936809083,56396.9418628,327069.7952853333
tf_alexnet,130000,304,512,J107,JJ3,90120,356330.45046543394,0.010363662286531364,48565.48844480001,401382.9651648
pytorch_alexnet,130000,2943,256,J10,JJ4,134925,1344880.1331736355,0.014520754101177698,43210.50346134,1214781.5104128001
tf_alexnet,130000,296,256,J98,JJ5,179727,467148.8037188169,0.004599929199952936,52345.04360586666,426516.3039626667
pytorch_alexnet,130000,670,512,J23,JJ6,224644,702314.0134501896,0.009847487829061426,45257.09016366667,262976.3042666667
