Application,Images,Epochs,Batchsize,Jobs,UniqueJobsID,SubmissionTime,Deadline,Tardinessweight,MinExecTime,MaxExecTime
tf_alexnet,130000,279,512,J111,JJ1,0,508207.81762091257,0.004189675247097804,44571.298361099995,368373.158565
tf_alexnet,130000,475,1024,J92,JJ2,44955,187643.030064,0.004989109623552895,71843.8639525,598714.0318649999
