Application,Images,Epochs,Batchsize,Jobs,UniqueJobsID,SubmissionTime,Deadline,Tardinessweight,MinExecTime,MaxExecTime
tf_alexnet,130000,279,512,J111,JJ1,0,508207.81762091257,0.004189675247097804,44571.298361099995,368373.158565
tf_alexnet,130000,475,1024,J92,JJ2,44912,187600.030063732,0.004989109623552895,71843.8639525,598714.0318649999
tf_alexnet,130000,232,128,J113,JJ3,90179,234467.4954212449,0.011054921618763196,48952.58648937143,390265.5453005714
tf_alexnet,130000,366,512,J95,JJ4,135344,810584.0890608856,0.014766660708458324,58474.042704,483259.77430200006
