Application,Images,Epochs,Batchsize,Jobs,UniqueJobsID,SubmissionTime,Deadline,Tardinessweight,MinExecTime,MaxExecTime
pytorch_vgg19,130000,224,16,J75,JJ1,0,4301349.707269583,0.0045539670426458815,43280.57916,6313670.40752
pytorch_vgg19,130000,224,16,J84,JJ2,44904,1783976.2714819259,0.0074089435462679105,43248.9442944,6314380.5600000005
tf_alexnet,130000,232,128,J113,JJ3,89774,490117.39327629947,0.006484932495578083,48952.58648937143,390265.5453005714
pytorch_alexnet,130000,2957,256,J22,JJ4,134869,1828698.7738394046,0.007941254777977028,43214.05668984001,1220389.301204
tf_resnet50,130000,83,16,J150,JJ5,180182,327164.4103934749,0.012512183350296753,98251.57035924998,473607.5035
tf_alexnet,130000,279,512,J111,JJ6,224920,390543.56531441596,0.0068397215500683,44571.298361099995,368373.158565
