Application,Images,Epochs,Batchsize,Jobs,UniqueJobsID,SubmissionTime,Deadline,Tardinessweight,MinExecTime,MaxExecTime
tf_alexnet,130000,279,512,J111,JJ1,0,508207.81762091257,0.004189675247097804,44571.298361099995,368373.158565
tf_alexnet,130000,475,1024,J92,JJ2,44772,187460.030063732,0.004989109623552895,71843.8639525,598714.0318649999
tf_alexnet,130000,232,128,J113,JJ3,89784,234072.4954212449,0.011054921618763196,48952.58648937143,390265.5453005714
tf_alexnet,130000,366,512,J95,JJ4,134744,809984.0890608856,0.014766660708458324,58474.042704,483259.77430200006
tf_vgg19,130000,14,32,J176,JJ5,179971,1107824.2253161543,0.005731956374483186,45374.453635,685011.5464499999
tf_alexnet,130000,339,512,J119,JJ6,224968,433074.8219004907,0.011142469880666417,54156.041319225005,447591.15886275005
