slot_number,sim_time,tardiness
1,45138,0
2,90469,0
3,135303,0
4,229103,0
5,293847,0
6,1.34761e+06,0
7,1.37938e+06,867791
