n_iterate,sim_time,Application,Images,Epochs,Batchsize,Jobs,UniqueJobsID,SubmissionTime,Deadline,Tardinessweight,MinExecTime,MaxExecTime,ExecutionTime,CompletionPercent,StartTime,FinishTime,Nodes,VMType,GpuType,GpuNumber,cost,Tardiness,VMcost,TardinessCost,TotalCost
1,44749,tf_alexnet,130000,279,512,J111,JJ1,0,508208,0.00418968,44571.3,368373,44749,31.1118,0,0,n1,In-house server 1,Quadro P600,1,0.11,0,1.36733,0,1.36733
2,79799.8,tf_alexnet,130000,279,512,J111,JJ1,0,508208,0.00418968,30704.3,253765,35050.8,100,0,79799.8,n1,Standard_NV12,M60,1,1.24,0,6.03653,0,6.03653
2,79799.8,tf_alexnet,130000,475,1024,J92,JJ2,44749,187437,0.00498911,71843.9,598714,35050.8,42.7608,44749,0,n1,Standard_NV12,M60,1,1.24,0,6.03653,0,6.03653
3,89599,tf_alexnet,130000,475,1024,J92,JJ2,44749,187437,0.00498911,41122.9,342699,9799.17,54.7154,44749,0,n1,Standard_NV6,M60,1,0.62,0,1.68763,0,1.68763
4,126719,tf_alexnet,130000,232,128,J113,JJ3,89599,233887,0.0110549,48952.6,390266,37119.6,66.2387,89599,0,n1,Standard_NV12,M60,1,1.24,0,6.39281,0,6.39281
4,126719,tf_alexnet,130000,475,1024,J92,JJ2,44749,187437,0.00498911,32534.2,271125,37119.6,100,44749,126719,n1,Standard_NV12,M60,1,1.24,0,6.39281,0,6.39281
5,180884,tf_alexnet,130000,232,128,J113,JJ3,89599,233887,0.0110549,16527,131759,54165.6,100,89599,180884,n1,In-house server 1,Quadro P600,1,0.11,0,1.65506,0,1.65506
