Application,Images,Epochs,Batchsize,Jobs,UniqueJobsID,SubmissionTime,Deadline,Tardinessweight,MinExecTime,MaxExecTime
tf_alexnet,130000,343,256,J90,JJ1,0,720945.4263699213,0.01354243573201808,60663.27959678,494237.6188232
tf_vgg19,130000,7,8,J165,JJ2,45025,323932.16907274927,0.008529419141011553,43954.86592,577069.21776
tf_vgg19,130000,14,32,J158,JJ3,90043,1442914.4172143596,0.005968327419445721,45375.965418,684978.3563
pytorch_resnet50,130000,47,8,J57,JJ4,135206,555245.2692278838,0.008402533408576201,80870.93421828572,298475.1309
pytorch_vgg19,130000,8195,32,J85,JJ5,180150,106363278.02602246,0.010962519077574465,43202.4970454,183727546.3711286
pytorch_vgg19,130000,8259,32,J88,JJ6,224791,358660727.9758711,0.004947426393189296,43203.2312133,185162575.48763248
