Application,Images,Epochs,Batchsize,Jobs,UniqueJobsID,SubmissionTime,Deadline,Tardinessweight,MinExecTime,MaxExecTime
tf_alexnet,130000,343,256,J90,JJ1,0,372298.2885751821,0.014999265613980683,60663.27959678,494237.6188232
tf_resnet50,130000,86,64,J140,JJ2,22674,177931.483632,0.008201370250692775,57423.28452879999,361923.543456
pytorch_resnet50,130000,63,16,J46,JJ3,45194,418513.382107,0.008986772992765447,78756.100416,363367.19223000004
pytorch_alexnet,130000,952,1024,J20,JJ4,67489,770868.607869,0.0037790366273908905,49145.55341696,364214.90537824
tf_resnet50,130000,52,8,J141,JJ5,90069,239116.975563,0.013206797468371122,94687.36281333333,403340.12489333336
pytorch_vgg19,130000,8111,32,J82,JJ6,112529,200752089.116,0.014991132925462065,43200.50333454667,181844071.21601665
tf_vgg19,130000,11,16,J166,JJ7,134992,636791.71042,0.007393694741349721,46791.491208,661088.62336
