Application,Images,Epochs,Batchsize,Jobs,UniqueJobsID,SubmissionTime,Deadline,Tardinessweight,MinExecTime,MaxExecTime
pytorch_alexnet,130000,1254,1024,J28,JJ1,0,69726.55911808953,0.009804992550710115,64590.13994022857,479624.2791497143
tf_alexnet,130000,448,1024,J116,JJ2,44922,123006.9913130463,0.008073841771589443,67743.2315904,564507.4026240001
pytorch_resnet50,130000,38,8,J45,JJ3,89952,270909.5801351572,0.008373137071229315,65387.795081,241321.66760000002
pytorch_vgg19,130000,150,8,J80,JJ4,134884,13966763.501185931,0.011545215168446164,43232.47878500001,7131058.45
pytorch_vgg19,130000,150,8,J74,JJ5,180229,3239717.3946741996,0.014844877189684288,43265.2076925,7130705.898000001
pytorch_vgg19,130000,224,16,J81,JJ6,225146,12504152.522470767,0.005987305467200015,43255.97426453333,6314222.748586666
