Application,Images,Epochs,Batchsize,Jobs,UniqueJobsID,SubmissionTime,Deadline,Tardinessweight,MinExecTime,MaxExecTime
tf_alexnet,130000,343,256,J90,JJ1,0,372298.2885751821,0.014999265613980683,60663.27959678,494237.6188232
tf_resnet50,130000,86,64,J140,JJ2,44990,200247.48363225834,0.008201370250692775,57423.28452879999,361923.543456
