Application,Images,Epochs,Batchsize,Jobs,UniqueJobsID,SubmissionTime,Deadline,Tardinessweight,MinExecTime,MaxExecTime
tf_alexnet,130000,343,256,J90,JJ1,0,372298.2885751821,0.014999265613980683,60663.27959678,494237.6188232
tf_resnet50,130000,86,64,J140,JJ2,44886,200143.48363225834,0.008201370250692775,57423.28452879999,361923.543456
pytorch_resnet50,130000,63,16,J46,JJ3,90128,463447.38210746204,0.008986772992765447,78756.100416,363367.19223000004
pytorch_alexnet,130000,952,1024,J20,JJ4,135207,838586.607869145,0.0037790366273908905,49145.55341696,364214.90537824
