n_iterate,sim_time,Application,Images,Epochs,Batchsize,Jobs,UniqueJobsID,SubmissionTime,Deadline,Tardinessweight,MinExecTime,MaxExecTime,ExecutionTime,CompletionPercent,StartTime,FinishTime,Nodes,VMType,GpuType,GpuNumber,cost,Tardiness,VMcost,TardinessCost,TotalCost
1,44917,tf_alexnet,130000,343,256,J90,JJ1,0,372298,0.0149993,60663.3,494238,44917,22.8032,0,0,n1,In-house server 1,Quadro P600,1,0.11,0,1.37246,0,1.37246
2,89895,tf_alexnet,130000,343,256,J90,JJ1,0,372298,0.0149993,46830.1,381536,0,22.8032,0,0,,,,0,0,0,0,0,0
2,89895,tf_resnet50,130000,86,64,J140,JJ2,44917,200174,0.00820137,57423.3,361924,44978,78.3271,44917,0,n1,In-house server 2,GTX 1080Ti,8,1.13,0,14.1181,0,14.1181
3,167653,pytorch_resnet50,130000,63,16,J46,JJ3,89895,463214,0.00898677,78756.1,363367,77758.1,53.8067,89895,0,n1,In-house server 3,Quadro P600,4,0.44,0,3.45592,0,3.45592
3,167653,tf_resnet50,130000,86,64,J140,JJ2,44917,200174,0.00820137,12445.3,78439.3,77758.1,100,44917,167653,n1,In-house server 3,Quadro P600,1,0.44,0,0.863979,0,0.863979
3,167653,tf_alexnet,130000,343,256,J90,JJ1,0,372298,0.0149993,46830.1,381536,77758.1,62.279,0,0,n1,In-house server 3,Quadro P600,1,0.44,0,0.863979,0,0.863979
4,229268,pytorch_resnet50,130000,63,16,J46,JJ3,89895,463214,0.00898677,36380,167851,61614.5,100,89895,229268,n1,In-house server 3,Quadro P600,5,0.44,0,3.76533,0,3.76533
4,229268,tf_alexnet,130000,343,256,J90,JJ1,0,372298,0.0149993,22882.8,186431,61614.5,93.5591,0,0,n1,In-house server 3,Quadro P600,1,0.44,0,0.753066,0,0.753066
5,241955,tf_alexnet,130000,343,256,J90,JJ1,0,372298,0.0149993,3907.24,31833.2,12687,100,0,241955,n1,In-house server 1,Quadro P600,1,0.11,0,0.387658,0,0.387658
